object,type,parent,world_x,world_y,world_z,vertices,polygons,material_slots,bounds_min_x,bounds_min_y,bounds_min_z,bounds_max_x,bounds_max_y,bounds_max_z
Colonne_1,MESH,,0.0,0.0,0.0,32,24,Ciment_Brisé2,-0.5750004649162292,-0.5750004053115845,-9.367938957893784e-08,0.5750000476837158,0.5750000476837158,5.0
Colonne_2,MESH,,-3.5,-0.5,2.5,84,74,Ciment_Brisé2,-5.28126859664917,-0.5750001668930054,-8.116023764159763e-08,-3.424999952316284,0.5750001072883606,5.1698713302612305
Colonne_3,MESH,,4.5,-0.5,2.5,80,72,Ciment_Brisé2,2.1755542755126953,-0.7956975698471069,-9.782242216260784e-08,4.64149284362793,0.7956975698471069,5.447567462921143
Débri_1,MESH,Débris,-1.325146198272705,-2.5369999408721924,0.5214075446128845,136,176,Ciment_Brisé;Métal_Rouillé,-2.259320020675659,-3.5550358295440674,0.0036937640979886055,-0.426457941532135,-1.5190461874008179,0.6130703091621399
Débri_2,MESH,Débris,-3.1955857276916504,-1.8105987310409546,1.0619689226150513,44,42,Ciment_Brisé2,-3.4893903732299805,-1.9104540348052979,0.06196891516447067,-3.1205856800079346,-1.7019298076629639,1.8187772035598755
Débri_3,MESH,Débris,-3.6607179641723633,-1.8105987310409546,0.042721569538116455,94,115,Ciment_Brisé2,-3.7558281421661377,-1.9013042449951172,0.04272156208753586,-3.5702085494995117,-1.7355986833572388,1.0427216291427612
Débris,EMPTY,,-2.7271499633789062,-2.052732467651367,0.5420326590538025,,,,,,,,,
FACADE,EMPTY,Colonne_3,3.9887490272521973,0.26997455954551697,1.9835689067840576,,,,,,,,,
FACADE_2,EMPTY,Colonne_2,-4.0,-0.290363609790802,2.9871666431427,,,,,,,,,
FACADE_3,EMPTY,Colonne_1,0.010501678101718426,-0.2699747681617737,1.983568787574768,,,,,,,,,
Face_1,MESH,FACADE,3.801316738128662,1.0305240154266357,0.8616479635238647,330,436,Ciment_Brisé3,2.7721121311187744,0.9066385626792908,0.9151162505149841,4.769423007965088,1.170863389968872,2.1334476470947266
Face_1_2,MESH,FACADE_2,-3.9894979000091553,-1.0300832986831665,1.1753610372543335,330,436,Ciment_Brisé3,-5.019101142883301,-1.0553996562957764,-0.09620509296655655,-3.019101142883301,-1.0053993463516235,1.1214714050292969
Face_1_3,MESH,FACADE_3,-2.4493783712387085e-07,-1.0164321660995483,3.8154256343841553,330,436,Ciment_Brisé3,-0.9703969359397888,-1.0417484045028687,3.8693153858184814,1.029603123664856,-0.9917480945587158,5.086991786956787
Face_2,MESH,FACADE,4.905783176422119,0.6314755082130432,1.8926482200622559,161,329,Ciment_Brisé3,4.730690956115723,0.07911070436239243,1.9134632349014282,5.000086307525635,1.2497291564941406,3.0484774112701416
Face_2_2,MESH,FACADE_2,-3.0078418254852295,-0.27975478768348694,1.5852982997894287,161,329,Ciment_Brisé3,-3.031717538833618,-0.900018572807312,0.4302852153778076,-2.981441020965576,0.2620370090007782,1.5616700649261475
Face_2_3,MESH,FACADE_3,-0.4503479301929474,-0.9818934798240662,2.525089740753174,161,329,Ciment_Brisé3,-0.9921398162841797,-1.0082942247390747,2.548717975616455,0.1699155867099762,-0.9580177664756775,3.680102825164795
Face_3,MESH,FACADE,3.001336097717285,-0.7502484917640686,2.5902175903320312,146,190,Ciment_Brisé3,2.710494041442871,-1.1991920471191406,2.2370431423187256,3.248236656188965,-0.34478580951690674,3.483586549758911
Face_3_2,MESH,FACADE_2,-5.249011993408203,0.21503807604312897,3.0694327354431152,146,190,Ciment_Brisé3,-5.344305992126465,-0.195487380027771,2.219620704650879,-5.035829544067383,0.6856037974357605,3.3918652534484863
Face_3_3,MESH,FACADE_3,1.023820400238037,0.2354268729686737,2.757218360900879,146,190,Ciment_Brisé3,0.9988383650779724,-0.1750984489917755,2.4324095249176025,1.048838496208191,0.7059925198554993,3.622422218322754
Face_pleine_1,MESH,FACADE,2.929020404815674,-0.0739666298031807,1.5340405702590942,253,337,Ciment_Brisé3,2.811880350112915,-1.1084856986999512,0.9263972640037537,3.0510218143463135,0.8955287933349609,2.1421666145324707
Face_pleine_1_2,MESH,FACADE_2,-3.494058609008789,0.042157649993896484,4.570984840393066,253,337,Ciment_Brisé3,-3.7258973121643066,-0.9904458522796631,3.999654531478882,-3.2622199058532715,1.0095542669296265,5.142314910888672
Face_pleine_1_3,MESH,FACADE_3,3.725290298461914e-08,-1.013561725616455,0.5832529067993164,253,337,Ciment_Brisé3,-0.9673964977264404,-1.0385618209838867,-0.016747143119573593,1.0326035022735596,-0.9885615706443787,1.1832529306411743
Face_pleine_2,MESH,FACADE,3.514051675796509,-1.0244981050491333,0.5532639026641846,49,50,Ciment_Brisé3,2.991785764694214,-1.0642917156219482,-0.047170255333185196,4.101524353027344,-0.9847044944763184,1.1536980867385864
Face_pleine_2_2,MESH,FACADE_2,-3.7601747512817383,1.022986650466919,2.042875051498413,49,50,Ciment_Brisé3,-4.282440662384033,0.9979864954948425,1.4428750276565552,-3.172701835632324,1.0479867458343506,2.6428751945495605
Face_pleine_2_3,MESH,FACADE_3,0.48519888520240784,1.0222707986831665,1.5436716079711914,49,50,Ciment_Brisé3,-0.10227397829294205,0.9972707033157349,0.9436716437339783,1.00746488571167,1.0472708940505981,2.1436715126037598
Face_pleine_3,MESH,FACADE,3.7199511528015137,0.5531968474388123,4.562714099884033,176,242,Ciment_Brisé3,3.0133538246154785,-0.04710167273879051,4.401725769042969,4.483278274536133,1.3338162899017334,4.697831630706787
Face_pleine_3_2,MESH,FACADE_2,-3.7790658473968506,-1.0213563442230225,2.915357828140259,176,242,Ciment_Brisé3,-4.5002593994140625,-1.046356439590454,2.2268319129943848,-3.246537208557129,-0.996356189250946,3.5754454135894775
Face_pleine_3_3,MESH,FACADE_3,-0.9956612586975098,0.13434122502803802,0.6767542362213135,176,242,Ciment_Brisé3,-1.0206613540649414,-0.5045591592788696,0.07675421983003616,-0.9706611037254333,0.5824453830718994,1.2767542600631714
Rock_1,MESH,Rocks,-4.559331893920898,-1.8896695375442505,0.1259573996067047,19,34,Rock_Apo,-4.926476001739502,-2.2043397426605225,-0.07707293331623077,-4.076103210449219,-1.4231261014938354,0.26727139949798584
Rock_2,MESH,Rocks,-3.0862295627593994,-2.712392807006836,0.10418445616960526,138,272,Ciment_Brisé3;Rock_Apo,-3.529616355895996,-3.299126625061035,-0.04151051491498947,-2.6427688598632812,-2.1249279975891113,0.25007516145706177
Rock_3,MESH,Rocks,-4.175020217895508,-2.7161355018615723,0.4227922856807709,278,552,Ciment_Brisé3;Rock_Apo,-4.510514736175537,-2.8848156929016113,-0.13840799033641815,-3.8395438194274902,-2.5472354888916016,0.9840365648269653
Rocks,EMPTY,,-3.9401938915252686,-2.439399242401123,0.21764472126960754,,,,,,,,,
Route,EMPTY,,2.555001974105835,-2.5618765354156494,2.402516372512764e-07,,,,,,,,,
Route_1,MESH,Route,2.599219799041748,-1.9146625995635986,2.2149019685002713e-07,124,146,Route_Brisée,0.03655621036887169,-2.314761161804199,-0.024999970570206642,4.9875640869140625,-1.5147607326507568,0.025000400841236115
Route_2,MESH,Route,1.360927700996399,-2.885483503341675,1.611514335309039e-07,133,168,Route_Brisée,0.08584769815206528,-3.285778522491455,-0.024999933317303658,2.46168851852417,-2.4853851795196533,0.1095922514796257
Route_3,MESH,Route,3.7048583030700684,-2.885483503341675,3.381132955837529e-07,98,121,Route_Brisée,2.406968832015991,-3.285733699798584,-0.02499975822865963,4.828428745269775,-2.4854300022125244,0.09599616378545761
Étage_1,MESH,Colonne_3,3.822634696960449,0.015138424932956696,2.9958298206329346,24,26,Ciment_Brisé,2.516573905944824,-1.2783757448196411,2.8099801540374756,5.0679402351379395,1.2862999439239502,3.1738638877868652
Étage_1_1,MESH,Colonne_2,-4.571077346801758,-0.0010766573250293732,4.621915340423584,24,26,Ciment_Brisé,-5.572163105010986,-1.010232925415039,4.247293949127197,-3.6323719024658203,1.00749933719635,4.977554798126221
Étage_1_1_2,MESH,Colonne_1,-0.003000218654051423,-1.890070251420184e-07,2.5,24,26,Ciment_Brisé,-1.0051156282424927,-0.9675989151000977,2.362352132797241,0.9993047714233398,1.0327489376068115,2.634939670562744
Étage_1_2,MESH,Colonne_3,3.9985194206237793,0.034540556371212006,2.0,24,26,Ciment_Brisé,2.845604419708252,-1.0899871587753296,1.9428715705871582,5.086794376373291,1.1506798267364502,2.055325508117676
Étage_1_2_2,MESH,Colonne_1,-0.0030004323925822973,-4.851497124036541e-07,4.946429252624512,24,26,Ciment_Brisé,-1.002440094947815,-0.9709684252738953,4.801846027374268,0.9964392185211182,1.036076307296753,5.094588756561279
Étage_1_3,MESH,Colonne_2,-4.050426006317139,-2.6890412119229268e-09,2.4643826484680176,24,26,Ciment_Brisé,-5.077955722808838,-1.0,2.3095319271087646,-3.0875840187072754,1.0,2.611021041870117
Étage_1_4,MESH,Colonne_2,-3.996999979019165,-1.132468483433513e-07,1.0,24,26,Ciment_Brisé,-5.029603481292725,-1.0000001192092896,0.9749999046325684,-3.0296034812927246,0.9999998807907104,1.0250000953674316
Étage_1_5,MESH,Colonne_1,-0.003000174881890416,-1.512580780627104e-07,2.0,24,26,Ciment_Brisé,-0.9703967571258545,-1.000000238418579,1.9749997854232788,1.0296032428741455,0.9999999403953552,2.0250000953674316
Étage_1_6,MESH,Colonne_1,0.02206614427268505,-0.02404973655939102,0.016931138932704926,24,26,Ciment_Brisé,-0.9779338836669922,-0.9914463758468628,-0.00806906446814537,1.0220661163330078,1.0085536241531372,0.04193134233355522
Étage_2,MESH,Colonne_3,3.4489479064941406,-0.08516217023134232,4.0128302574157715,142,177,Ciment_Brisé;Métal_Rouillé,2.3298261165618896,-1.4418644905090332,3.1705543994903564,4.606425762176514,1.3019871711730957,4.888663291931152
Étage_2_2,MESH,Colonne_3,4.0,-1.0988063792183311e-07,1.0445867776870728,142,177,Ciment_Brisé;Métal_Rouillé,2.934777021408081,-1.0353705883026123,0.9519089460372925,5.0062689781188965,1.0333116054534912,1.1439319849014282
Étage_2_3,MESH,Colonne_2,-4.235782146453857,3.577689966505204e-08,2.973879337310791,142,177,Ciment_Brisé;Métal_Rouillé,-5.2025628089904785,-1.0000001192092896,2.759732246398926,-3.2113261222839355,1.0000001192092896,3.202091932296753
Étage_2_4,MESH,Colonne_2,-4.079904556274414,-1.887447353965399e-07,0.0,142,177,Ciment_Brisé;Métal_Rouillé,-5.0503010749816895,-1.000000238418579,-0.054522208869457245,-3.0503010749816895,0.9999998807907104,0.05886238068342209
Étage_2_5,MESH,Colonne_1,-2.6226831550957286e-07,-2.2649372510841204e-07,3.0,142,177,Ciment_Brisé;Métal_Rouillé,-1.000000238418579,-0.9703968167304993,2.9454777240753174,0.9999997615814209,1.029603123664856,3.0588624477386475
Étage_2_6,MESH,Colonne_1,-4.371138828673793e-08,-3.774895418473534e-08,0.5,142,177,Ciment_Brisé;Métal_Rouillé,-0.9703966975212097,-1.0000001192092896,0.4454777240753174,1.029603362083435,1.0,0.5588624477386475
Étage_3,MESH,Colonne_3,3.929309844970703,-0.008898531086742878,2.4414427280426025,173,257,Ciment_Brisé;Métal_Rouillé,2.8159425258636475,-1.1553348302841187,2.3839738368988037,5.050071716308594,1.0787944793701172,2.681223154067993
Étage_3_2,MESH,Colonne_3,3.9346776008605957,0.07753434777259827,0.5,173,257,Ciment_Brisé;Métal_Rouillé,2.964280843734741,-0.9224657416343689,0.2602195143699646,4.96428108215332,1.0775344371795654,0.557468831539154
Étage_3_3,MESH,Colonne_2,-4.298357009887695,7.106707755610842e-08,3.441312074661255,173,257,Ciment_Brisé;Métal_Rouillé,-5.296786785125732,-0.9999999403953552,3.197632074356079,-3.2770209312438965,1.0000001192092896,3.875303268432617
Étage_3_4,MESH,Colonne_2,-4.0,-7.549789415861596e-08,1.5,173,257,Ciment_Brisé;Métal_Rouillé,-5.029603481292725,-1.0000001192092896,1.2602195739746094,-3.0296034812927246,0.9999999403953552,1.5574687719345093
Étage_3_5,MESH,Colonne_1,0.05720005929470062,-1.8084608655044576e-07,4.5,173,257,Ciment_Brisé;Métal_Rouillé,-0.9131966233253479,-1.000000238418579,4.260219573974609,1.0868035554885864,0.9999999403953552,4.557468891143799
Étage_3_6,MESH,Colonne_1,0.11336975544691086,-6.558680354373791e-08,1.0,173,257,Ciment_Brisé;Métal_Rouillé,-0.8866304159164429,-1.0296037197113037,0.7602194547653198,1.1133699417114258,0.9703966975212097,1.0574688911437988
Étage_4,MESH,Colonne_3,3.7337024211883545,0.021902699023485184,3.5256223678588867,118,158,Ciment_Brisé;Métal_Rouillé,2.4474260807037354,-1.340423583984375,3.167999029159546,5.0450639724731445,1.3309237957000732,3.8891406059265137
Étage_4_2,MESH,Colonne_3,4.0,-1.887447353965399e-07,0.0,118,158,Ciment_Brisé;Métal_Rouillé,2.9703965187072754,-1.000000238418579,-0.025000074878335,4.970396518707275,0.9999998211860657,0.025000074878335
Étage_4_3,MESH,Colonne_2,-4.297579288482666,9.651372323560281e-08,3.778362989425659,118,158,Ciment_Brisé;Métal_Rouillé,-5.2111334800720215,-1.0196800231933594,3.350847005844116,-3.32883882522583,1.018538236618042,4.227294445037842
Étage_4_4,MESH,Colonne_2,-4.0,-1.5099578831723193e-07,0.5,118,158,Ciment_Brisé;Métal_Rouillé,-5.0,-1.0296036005020142,0.47499993443489075,-3.0,0.9703965187072754,0.5250000953674316
Étage_4_5,MESH,Colonne_1,-3.0597971090173814e-07,-2.6424268639857473e-07,3.5,118,158,Ciment_Brisé;Métal_Rouillé,-1.0000003576278687,-0.970396876335144,3.4749999046325684,0.9999997019767761,1.029603123664856,3.5250000953674316
Étage_4_6,MESH,Colonne_1,-1.3113415775478643e-07,-1.1324686255420602e-07,1.5,118,158,Ciment_Brisé;Métal_Rouillé,-0.9703968167304993,-1.000000238418579,1.4749997854232788,1.029603362083435,1.0,1.5250002145767212
Étage_5,MESH,Colonne_3,2.900650978088379,-0.017168477177619934,4.679963111877441,86,95,Ciment_Brisé;Métal_Rouillé,2.327840805053711,-1.4284240007400513,4.263660907745361,4.070878505706787,0.8740326166152954,5.522359371185303
Étage_5_2,MESH,Colonne_3,4.087286949157715,0.00855849590152502,1.5,86,95,Ciment_Brisé;Métal_Rouillé,2.9650144577026367,-1.0871405601501465,1.4749999046325684,4.314451694488525,1.0164915323257446,1.5250000953674316
Étage_5_3,MESH,Colonne_2,-4.072065353393555,-3.774894707930798e-08,2.0,86,95,Ciment_Brisé;Métal_Rouillé,-4.203602313995361,-1.0000001192092896,1.9667145013809204,-3.0429739952087402,1.0,2.0908727645874023
Étage_5_4,MESH,Colonne_1,-3.4969110629390343e-07,-3.019916334778827e-07,4.0,86,95,Ciment_Brisé;Métal_Rouillé,-0.13020361959934235,-1.0000003576278687,3.9749999046325684,1.029603123664856,0.9999997615814209,4.025000095367432
